Date,Description,Amount,Category,Account
08-01-2026,TechCorp Payroll,3200,Income,Main Checking
08-02-2026,Whole Foods Market,145.2,Groceries,Everyday Visa
08-05-2026,City Utilities,85,Utilities,Main Checking
08-08-2026,Netflix Subscription,15.99,Entertainment,Everyday Visa
08-10-2026,Shell Gas Station,45.5,Transportation,Everyday Visa
08-12-2026,Downtown Bistro,68.3,Dining,Everyday Visa
08-15-2026,Apartment Rent,1200,Housing,Main Checking
08-18-2026,Freelance Client X,450,Income,Savings
08-06-2026,hello,1000,Groceries,Everyday Visa
